;;;;;;;;;;;;;;;;;
;obj_wire;obj_wire;obj_wire;obj_wire;obj_wire#obj_led_green;;obj_wire;obj_wire;obj_wire;obj_wire;obj_wire#obj_led_green;;obj_wire#obj_led_green;obj_wire;obj_wire;obj_wire;obj_battery_1V#obj_wire
;obj_wire;;;;;;obj_wire;;;;;;;;obj_wire;;
;obj_wire;;obj_wire;obj_wire;obj_wire;;obj_wire;;obj_wire;obj_wire;obj_wire;;;;obj_wire;;
;obj_wire;;obj_battery_5V#obj_wire;;obj_wire;;obj_wire;;obj_battery_5V#obj_wire;;obj_wire;;;;obj_wire;;
;obj_wire;;;;obj_wire;;obj_wire;;;;obj_wire;;;;obj_wire;;
;obj_wire;;;;obj_wire;;obj_wire;;;;obj_wire;;obj_wire#obj_led_green;;obj_wire;;
;obj_wire;obj_wire;obj_wire;obj_wire;obj_wire;;obj_wire;obj_wire;obj_wire;obj_wire;obj_wire;;obj_wire;obj_wire;obj_wire;;
